1017,PQQ983,truck.jpg
1017,CDJ2308,truck.jpg
1017,CDJ2307,truck.jpg
1017,ZF5216,truck.jpg
1017,ABI9790,truck.jpg
1017,ADJ2307,truck.jpg
1017,AAC1355,truck.jpg
1017,ACM2164,truck.jpg
1017,JM1563,truck.jpg
1017,AAV9775,truck.jpg
1017,AAC1354,truck.jpg
1017,TQT270,truck.jpg
1017,B11028,truck.jpg
1017,BOT829,truck.jpg
1017,TQN167,truck.jpg
1017,B1H912,truck.jpg
1017,B2S831,truck.jpg
1017,B3R602,truck.jpg
1017,TQA499,truck.jpg
1017,AAV9774,truck.jpg
1017,ZF6378,truck.jpg
1017,ZF6380,truck.jpg
1017,TIM355,truck.jpg
1017,TIF299,truck.jpg
1017,NIE681,truck.jpg
1017,PGI461,truck.jpg
1017,PLQ130,truck.jpg
1017,TQT752,truck.jpg
1017,NQB980,truck.jpg
1017,ZF 6379,truck.jpg
1017,AAV 9773,truck.jpg
1017,ACM 2164,truck.jpg
1016,JM 1968,556993.jpg
1016,NBE  7474,556993.jpg
1016,RKN 140,556993.jpg
1016,JM 1969,556993.jpg
1016,B2  U392,556993.jpg
1016,ADZ 7831,556993.jpg
1016,RGU 873,556993.jpg
1016,RDL 597,556993.jpg
1016,RHJ 553,556993.jpg
